SEQUENCE,POINTS,TIME
HHPPHHPP,0.0,0.004
HHPPHHPPHHPPHH,6.0,5.355
HHPPHHPPHHPPHH,6.0,0.798
CCPPCCPPCCPPCC,30.0,5.697
HHPPHHPPHHPPCC,6.0,1.363
HHHHHHHHHHHHHHHHHHHHHH,13.0,21.373
HHHHPPPPPHHHHHHHPHP,7.0,11.477
HHPHHHPHPHHHPH,5.0,6.599
HHHHHHHHHHHHHH,7.0,6.793
HHHHHHHHHHHHHHHHHHHHHHHH,15.0,25.864
HHHHHHHHHCCCCCCCCC,26.0,12.886
HHHHHHHHHHHHHHH,8.0,8.795
HHPPHHPPHHPPHHCCPPCC,15.0,3.042
HPPPPPPPPPCCCCCHHHPH,8.0,8.317
CPPCHPPCHPPCPPHHHHHHCCPCHPPCPCHPPHPC,36.0,48.999
HHHHHHHHHHHHH,6.0,5.543
HHHHHHHHHHHHHHHH,9.0,3.817
HHHHHPPPPPHHHHHH,6.0,9.79
HPPHHPHPPH,0.0,0.0
HHPHHHPHPHHHPH,5.0,5.098
HHPHHHPHPHHHPH,5.0,5.026
HHPHHHPHPHHHPH,5.0,4.976
HHPHHHPHPHHHPH,5.0,4.945
HHPHHHPHPHHHPH,5.0,4.717
HHHPPPCCC,2.0,1.205
HHHPPPCCC,2.0,0.833
